session_id,date,channel,device,customer_type,product_category,orders,items,revenue,conversion_rate
S-2001,2025-01-02,Organic,Desktop,Returning,Electronics,1,2,129.00,0.043
S-2002,2025-01-03,Paid Search,Mobile,New,Home,0,0,0,0.018
S-2003,2025-01-05,Email,Desktop,Returning,Accessories,2,5,215.50,0.087
S-2004,2025-01-08,Social,Mobile,New,Apparel,1,3,96.00,0.032
S-2005,2025-01-11,Organic,Mobile,Returning,Home,1,1,79.00,0.051
S-2006,2025-01-14,Referral,Desktop,New,Electronics,2,3,388.00,0.064
S-2007,2025-01-18,Paid Search,Mobile,Returning,Accessories,1,2,65.00,0.029
S-2008,2025-01-22,Email,Desktop,Returning,Electronics,3,4,547.00,0.112
S-2009,2025-01-26,Social,Mobile,New,Home,0,0,0,0.021
S-2010,2025-02-02,Organic,Desktop,Returning,Apparel,2,4,184.00,0.076
S-2011,2025-02-07,Paid Search,Mobile,New,Electronics,1,1,249.00,0.027
S-2012,2025-02-12,Email,Desktop,Returning,Accessories,2,6,272.00,0.098
